file_name,cir_fidelity,cir_fidelity_2q_gate,cir_fidelity_2q_gate_for_idle,cir_fidelity_atom_transfer,cir_fidelity_coherence,num_two_qubit_gate,num_gate_stage,num_transfer,num_movement_stage,big_movement_stage,movement_distance
qft50 5 2 full code fidelity,1.3285082244760914e-06,0.7514768435208592,0.007859281395123728,0.007443228144190568,0.030220696919980524,57,41,4898,2354,275,493.7368421052621
qft50 5 3 full code fidelity,8.560308328056472e-07,0.7402609576967049,0.0054807635505494355,0.007443228144190541,0.028346677687489698,60,44,4898,2394,281,503.31578947368286
qft50 5 6 full code fidelity,7.68760832654428e-07,0.7292124703704624,0.004909178890275649,0.007443228144190578,0.028851405358693148,63,45,4898,2372,283,502.7894736842095
qft50 5 7 full code fidelity,7.409251625633994e-07,0.707607734727267,0.005058875666515818,0.007443228144190572,0.027807787501538856,69,45,4898,2402,283,505.94736842105107
qft50 5 0 full code fidelity,1.7976404840476476e-06,0.7705488893118826,0.00984512979974119,0.007443228144190555,0.03183610029115401,52,39,4898,2314,271,485.94736842105186
qft50 5 1 full code fidelity,1.6826295199049768e-07,0.6662995813682119,0.001355943827598889,0.007443228144190578,0.02502164937731008,81,56,4898,2450,303,528.8947368421022
qft50 5 4 full code fidelity,2.4529357625119537e-06,0.7783125570686423,0.012519374411297657,0.007443228144190561,0.0338211350838856,50,37,4898,2280,265,476.99999999999943
qft50 5 5 full code fidelity,7.484753583734109e-07,0.7183288830986242,0.004983465223174393,0.007443228144190571,0.028090625827270288,66,45,4898,2396,283,505.31578947368297
qft50 5 9 full code fidelity,9.954026259736925e-07,0.7402609576967049,0.006211490828913585,0.007443228144190574,0.029084175605743043,60,43,4898,2372,279,499.21052631578834
qft50 5 8 full code fidelity,7.435475608314676e-07,0.7111635524897156,0.005033612906156153,0.007443228144190562,0.02790603388499743,68,45,4898,2398,283,505.52631578947233
qft50 10 0 full code fidelity,1.8529080752688488e-08,0.48831554144353606,0.0003206820189296265,0.007443228144190584,0.015897081011604156,143,70,4898,2750,333,587.3157894736752
qft50 10 1 full code fidelity,6.480829631500463e-08,0.5317508269437918,0.0009084612258953202,0.007443228144190594,0.018024146311777935,126,61,4898,2686,315,564.4736842105192
qft50 10 5 full code fidelity,7.903716612137805e-08,0.5211953074858883,0.0010504078122015978,0.007443228144190588,0.019395973824329872,130,60,4898,2628,313,556.5789473684148
qft50 10 4 full code fidelity,7.806294338161866e-08,0.5317508269437917,0.0010295825610843379,0.007443228144190595,0.019156415120801074,126,60,4898,2644,313,558.2631578947304
qft50 10 2 full code fidelity,7.134681490335389e-08,0.5425201222922795,0.0008904501896674857,0.007443228144190562,0.019842106545514007,122,61,4898,2608,315,556.263157894731
qft50 10 3 full code fidelity,3.908212934129159e-08,0.5425201222922793,0.0005397473298121955,0.007443228144190603,0.017931248668319834,122,65,4898,2672,323,570.1578947368347
qft50 10 6 full code fidelity,7.003594816744913e-08,0.5452463540625923,0.0008860035040328336,0.007443228144190601,0.019477421920895546,121,61,4898,2626,313,556.3684210526255
qft50 10 7 full code fidelity,1.4457146808815041e-08,0.5108493203603867,0.00023866971992522905,0.007443228144190572,0.015930562725506272,134,72,4898,2742,337,590.0526315789375
qft50 10 8 full code fidelity,1.1904059732654922e-07,0.5562889678716479,0.0014327083848540243,0.007443228144190595,0.020066679613085416,117,57,4898,2616,307,549.9473684210467
qft50 10 9 full code fidelity,3.8782243700093064e-08,0.5535075230322897,0.0005290463681926792,0.007443228144190583,0.017793211244671165,118,65,4898,2680,323,570.9999999999923
qft50 15 4 full code fidelity,8.658776279839944e-09,0.437329046290001,0.0001914841834001684,0.007443228144190594,0.013891654000539962,165,75,4898,2838,343,605.5263157894625
qft50 15 5 full code fidelity,1.4138448033338677e-08,0.40565285250151895,0.00034053746951585997,0.007443228144190616,0.013750578517380558,180,71,4898,2854,335,600.0526315789366
qft50 15 1 full code fidelity,1.4749361604229042e-08,0.4056528525015188,0.00034053746951585975,0.007443228144190626,0.014344732487042072,180,71,4898,2832,333,595.9473684210419
qft50 15 0 full code fidelity,3.600985631738081e-09,0.38970787350474184,0.00010139361660854063,0.007443228144190632,0.012243631872796585,188,81,4898,2920,353,623.1052631578806
qft50 15 9 full code fidelity,2.537699659279536e-08,0.42225022364249654,0.0005397473298121958,0.007443228144190617,0.014959548969108907,172,67,4898,2814,325,586.8947368420958
qft50 15 8 full code fidelity,2.1511700300438326e-08,0.41386834584198723,0.00048588387408589215,0.007443228144190638,0.014372049721117568,176,68,4898,2836,329,592.7894736842
qft50 15 6 full code fidelity,4.96980485959874e-09,0.3706551064126334,0.00015517325605654024,0.00744322814419061,0.011608901992549686,198,78,4898,2970,347,622.9999999999847
qft50 15 7 full code fidelity,1.0974269246757993e-08,0.4373290462900008,0.0002459475332739589,0.007443228144190608,0.013707665121203609,165,73,4898,2856,339,603.8421052631461
qft50 15 2 full code fidelity,1.1867489093638528e-08,0.393634376409426,0.00030963872476308016,0.0074432281441906495,0.013081249272857884,186,72,4898,2894,337,606.0526315789349
qft50 15 3 full code fidelity,6.277119288899084e-09,0.35608578229633064,0.0002074531184533281,0.0074432281441906036,0.01141627574162329,206,76,4898,2986,345,622.8947368420897
qft50 20 3 full code fidelity,1.8836870197850543e-09,0.2856078805640324,8.382843250852065e-05,0.0074432281441906434,0.010570265171334926,250,85,4898,3024,357,637.631578947352
qft50 20 2 full code fidelity,3.11332114294275e-09,0.31257535494124183,0.00012637903375859274,0.007443228144190685,0.010588460639055037,232,81,4898,3034,351,633.3157894736663
qft50 20 1 full code fidelity,8.848829459642924e-09,0.3110124781665358,0.0003456905267562592,0.007443228144190639,0.011057557392638197,233,73,4898,3024,339,621.5263157894581
qft50 20 0 full code fidelity,2.5212666126686157e-09,0.2870430960442533,0.00010713385151283944,0.007443228144190653,0.011014977591434607,249,83,4898,3004,353,631.9473684210373
qft50 20 4 full code fidelity,3.870751671583346e-09,0.2799384215094009,0.00018122445524092163,0.007443228144190684,0.010250726985014497,254,79,4898,3058,351,635.8421052631403
qft50 20 5 full code fidelity,4.766226561553743e-09,0.2899351996608706,0.00019831348476467625,0.007443228144190633,0.011136793359726569,247,78,4898,2996,349,627.526315789458
qft50 20 6 full code fidelity,2.1063300999343617e-09,0.2757603055760701,0.00011151165168811807,0.007443228144190666,0.009202654193084176,257,83,4898,3132,359,650.7894736841916
qft50 20 7 full code fidelity,3.5634161411900534e-09,0.2884855236625664,0.00015517325605654013,0.007443228144190648,0.01069459429172705,248,80,4898,3028,351,632.6842105262987
qft50 20 9 full code fidelity,2.818186688354881e-09,0.29729358661854965,0.0001328669431682278,0.007443228144190648,0.009585305175439594,242,81,4898,3106,353,642.6842105262966
qft50 20 8 full code fidelity,3.230959019416474e-09,0.3048387251630739,0.00012958239037793088,0.007443228144190594,0.010988894273540772,237,81,4898,3010,349,628.9999999999844
qft50 25 5 full code fidelity,1.979770928596023e-09,0.1961106785491273,0.00015673473565025437,0.007443228144190657,0.008653406663824345,325,83,4898,3186,353,651.105263157875
qft50 25 4 full code fidelity,1.6047457889439577e-09,0.21462770857094127,0.00011151165168811829,0.0074432281441906565,0.009008217766744665,307,85,4898,3148,357,650.6842105262964
qft50 25 0 full code fidelity,1.2967602297616774e-09,0.21036724137609625,0.00010038347636993772,0.007443228144190658,0.00825007712079052,311,86,4898,3206,363,662.1578947368203
qft50 25 1 full code fidelity,1.589428056218596e-09,0.18373897616330573,0.00014759612660592719,0.007443228144190689,0.007874142889700415,338,84,4898,3254,357,661.8421052631355
qft50 25 9 full code fidelity,2.0062839996890114e-09,0.2200748351473358,0.00013968792181613562,0.007443228144190641,0.008768026168299605,302,83,4898,3172,355,651.4210526315597
qft50 25 8 full code fidelity,1.6793689505622163e-09,0.19611067854912748,0.00013829627217000384,0.007443228144190676,0.008319037317319035,325,84,4898,3214,355,655.8421052631371
qft50 25 2 full code fidelity,9.076724363950009e-10,0.20619134658263946,7.035494867685349e-05,0.007443228144190671,0.008406258308893036,315,89,4898,3186,365,661.8421052631367
qft50 25 3 full code fidelity,1.1314532540125513e-09,0.19318370215794678,9.644255366101301e-05,0.007443228144190686,0.008158984328873351,328,87,4898,3212,365,664.5789473683985
qft50 25 6 full code fidelity,2.173241288527337e-09,0.21570623976979014,0.00016151408575667937,0.007443228144190651,0.00838056897693997,306,82,4898,3206,357,656.7894736841898
qft50 25 7 full code fidelity,9.357572957748492e-10,0.1828202812824891,8.991456000293616e-05,0.00744322814419066,0.0076479932290981776,339,88,4898,3264,367,671.8421052631347
qft50 30 4 full code fidelity,7.889404555921895e-10,0.14811319969530842,9.790193491539309e-05,0.00744322814419066,0.007309671438789741,381,89,4898,3296,367,675.210526315766
qft50 30 5 full code fidelity,8.166343560119433e-10,0.1620982441899555,8.946554916892141e-05,0.007443228144190679,0.007565404843834955,363,89,4898,3266,365,670.2631578947145
qft50 30 2 full code fidelity,8.435397285524916e-10,0.15035730121053856,0.00010930083592501176,0.007443228144190662,0.00689598336846761,378,88,4898,3338,365,677.8421052631329
qft50 30 3 full code fidelity,1.607409264325144e-09,0.17563417245259197,0.00015439835960910796,0.007443228144190651,0.007963673303875995,347,84,4898,3244,359,662.5789473683988
qft50 30 6 full code fidelity,1.0718608057766825e-09,0.1846622876013124,0.00010088728223560167,0.007443228144190662,0.007729696205582494,337,87,4898,3254,365,668.999999999977
qft50 30 7 full code fidelity,9.444612999079884e-10,0.17475600159032903,9.405843424667865e-05,0.007443228144190672,0.007719567903293661,348,88,4898,3258,363,667.631578947346
qft50 30 8 full code fidelity,8.332228569032551e-10,0.16128775296900572,8.991456000293608e-05,0.007443228144190648,0.007719131318819673,364,89,4898,3246,369,671.736842105241
qft50 30 9 full code fidelity,1.3881379768475372e-09,0.15888051309497406,0.00015058153692335338,0.007443228144190673,0.007795230218265037,367,85,4898,3256,361,665.631578947346
qft50 30 0 full code fidelity,1.0107591819554219e-09,0.16538114245489308,0.00011263377268369047,0.007443228144190666,0.00729007079034563,359,87,4898,3294,367,674.9999999999769
qft50 30 1 full code fidelity,1.0487074820076237e-09,0.16209824418995547,0.00011491200338522056,0.007443228144190695,0.007563961831601251,363,87,4898,3270,365,670.684210526292
qft50 35 0 full code fidelity,6.57682595242078e-10,0.1255322834371622,0.00010190249217885879,0.007443228144190691,0.006907402825287628,414,90,4898,3344,365,678.4736842105021
qft50 35 1 full code fidelity,6.18378542910317e-10,0.12242520289863415,0.00010448543662098625,0.007443228144190657,0.006494810534244807,419,90,4898,3374,373,688.7894736841844
qft50 35 2 full code fidelity,6.397854810674827e-10,0.1366982818702115,9.35887299406593e-05,0.0074432281441906495,0.006718718410166392,397,90,4898,3358,367,681.7368421052373
qft50 35 3 full code fidelity,9.245219185348213e-10,0.10909420695870248,0.0001706579433643615,0.007443228144190677,0.006671564419150615,442,87,4898,3368,365,680.9999999999744
qft50 35 4 full code fidelity,7.14799502168862e-10,0.11074712159185103,0.00013088635385348062,0.007443228144190702,0.006625155765859527,439,89,4898,3366,369,684.3684210526061
qft50 35 5 full code fidelity,7.495428387345886e-10,0.11355781921006078,0.00012765076245271437,0.007443228144190685,0.006946957972721735,434,89,4898,3332,367,678.9999999999752
qft50 35 8 full code fidelity,1.3974195651281799e-09,0.11643985070121862,0.00023276965723207897,0.007443228144190686,0.006926877090283923,429,84,4898,3342,361,674.6842105262917
qft50 35 9 full code fidelity,1.2929165874908546e-09,0.12059799144222183,0.00019831348476467625,0.007443228144190685,0.007263013571837794,422,85,4898,3312,361,671.5263157894505
qft50 35 6 full code fidelity,6.044134969186719e-10,0.14300635237083664,7.894071398004073e-05,0.007443228144190685,0.0071931057236858,388,91,4898,3300,369,677.4210526315542
qft50 35 7 full code fidelity,5.092731401445084e-10,0.12871821987500126,7.737564546768405e-05,0.007443228144190671,0.00686981640304368,409,92,4898,3334,369,680.999999999976
qft50 40 3 full code fidelity,6.293277970971606e-10,0.09292664835904788,0.0001376056551608547,0.007443228144190701,0.006612094136487409,474,90,4898,3372,365,681.4210526315537
qft50 40 2 full code fidelity,3.3929947263853516e-10,0.09108200798387567,8.509693524245912e-05,0.007443228144190688,0.00588132715315368,478,94,4898,3444,375,697.9473684210249
qft50 40 1 full code fidelity,4.5938888848181956e-10,0.09062659794395629,0.00010984939634802467,0.007443228144190699,0.006199630464351589,479,92,4898,3412,373,692.7894736841837
qft50 40 0 full code fidelity,5.160151565137984e-10,0.08619587539414537,0.00013088635385348062,0.007443228144190698,0.0061449771584568425,489,91,4898,3420,369,690.0526315789207
qft50 40 4 full code fidelity,6.015248066438221e-10,0.09819432413732991,0.00013023274012392488,0.007443228144190691,0.006319542628738977,463,90,4898,3404,367,686.5789473683948
qft50 40 5 full code fidelity,4.929289271752367e-10,0.08157186144027838,0.00012202693178873993,0.0074432281441906886,0.006653143792110622,500,92,4898,3362,369,683.9473684210274
qft50 40 6 full code fidelity,4.634631294284339e-10,0.08794155926129832,0.00011319906049202245,0.007443228144190688,0.006254849649739968,485,92,4898,3406,371,690.3684210526052
qft50 40 7 full code fidelity,4.443937070675154e-10,0.08075818212241156,0.00012325486609078389,0.007443228144190697,0.005998131198947231,502,92,4898,3434,373,695.1052631578674
qft50 40 8 full code fidelity,3.550682048246469e-10,0.08239373898667042,9.405843424667868e-05,0.007443228144190659,0.006155431422967322,498,94,4898,3414,375,694.7894736841836
qft50 40 9 full code fidelity,4.695108422063202e-10,0.09108200798387564,0.00010930083592501167,0.007443228144190689,0.006336190338734257,478,92,4898,3392,373,690.6842105262887
qft50 45 4 full code fidelity,4.083657668424941e-10,0.06254083169574963,0.00014038898933161023,0.007443228144190684,0.006248723347828165,553,93,4898,3402,373,691.736842105237
qft50 45 5 full code fidelity,3.7426035183083655e-10,0.05859542412067082,0.00014982957037334258,0.0074432281441907,0.005727317434190204,566,93,4898,3470,373,698.8947368420771
qft50 45 8 full code fidelity,4.6456898512416695e-10,0.060384464270883294,0.00016478101307459657,0.007443228144190688,0.006272728573751591,560,92,4898,3412,371,690.9999999999733
qft50 45 9 full code fidelity,5.278084202446317e-10,0.05801093476506709,0.00019438174694609778,0.00744322814419069,0.006288537267574019,568,91,4898,3408,369,688.7894736841843
qft50 45 2 full code fidelity,4.473624964390165e-10,0.05743227569078555,0.00017324036153977006,0.007443228144190668,0.006040781621009459,570,92,4898,3432,373,694.8947368420787
qft50 45 3 full code fidelity,3.2260855906849235e-10,0.050667916213027346,0.0001528601563076359,0.007443228144190688,0.005596122484387929,595,94,4898,3480,379,705.3157894736554
qft50 45 6 full code fidelity,4.6534255294107e-10,0.07875931641927118,0.0001263790337585928,0.0074432281441907,0.006281082077829266,507,92,4898,3412,369,689.2105263157632
qft50 45 7 full code fidelity,4.682991053982546e-10,0.06191698689958454,0.00016070752479093202,0.007443228144190684,0.006322895020354409,555,92,4898,3408,367,686.9999999999744
qft50 45 0 full code fidelity,3.81349521970119e-10,0.060082541949528896,0.0001461256909756231,0.007443228144190697,0.0058356199364850885,561,93,4898,3450,375,698.5789473683934
qft50 45 1 full code fidelity,3.8052613743124556e-10,0.05489891379418009,0.0001599049915890073,0.0074432281441906755,0.005823678470639885,579,93,4898,3460,373,697.8421052631302
qft50 50 3 full code fidelity,3.4302078224924505e-10,0.04819076839980127,0.00016070752479093174,0.0074432281441907085,0.005950576445145555,605,94,4898,3448,371,694.7894736841829
qft50 50 2 full code fidelity,3.6080253436253895e-10,0.04447676004441069,0.00017410982246570802,0.007443228144190692,0.006259675683802249,621,94,4898,3410,371,690.7894736841847
qft50 50 0 full code fidelity,2.879630860369723e-10,0.04583472801998072,0.0001490813589562906,0.007443228144190713,0.005661838623698713,615,95,4898,3474,375,701.1052631578667
qft50 50 1 full code fidelity,5.059661856648495e-10,0.04583472801998077,0.0002459475332739589,0.00744322814419067,0.00603007942855656,615,91,4898,3448,365,689.4210526315522
qft50 50 5 full code fidelity,4.3751037584825675e-10,0.04794981455780226,0.00020745311845332825,0.0074432281441906755,0.005909083496984324,606,92,4898,3448,369,692.9999999999727
qft50 50 4 full code fidelity,2.542829910344048e-10,0.04381293884115284,0.00013760565516085494,0.007443228144190696,0.0056665315690746796,624,96,4898,3470,377,702.4736842104979
qft50 50 8 full code fidelity,3.564981429085258e-10,0.04629653596624408,0.00016727450077717325,0.00744322814419067,0.006184686659048448,613,94,4898,3424,367,688.6842105262887
qft50 50 9 full code fidelity,4.572228749298577e-10,0.053540097225519494,0.00018581799058469485,0.007443228144190692,0.006174470277427011,584,92,4898,3422,369,690.2631578947098
qft50 50 6 full code fidelity,3.75567025247498e-10,0.050667916213027325,0.00017324036153977006,0.007443228144190685,0.005748360524153257,595,93,4898,3468,373,698.6842105262873
qft50 50 7 full code fidelity,5.231648352431438e-10,0.04337590477621232,0.0002598714533623015,0.007443228144190685,0.006235482892418084,626,91,4898,3420,365,686.4736842105001
qft50 55 6 full code fidelity,3.446847861213847e-10,0.03359121130473201,0.00023045067498289333,0.007443228144190684,0.0059821477397097615,677,94,4898,3440,371,693.9473684210258
qft50 55 7 full code fidelity,3.4380329075802156e-10,0.03750748018035201,0.00020641714944305212,0.007443228144190679,0.005966024516260856,655,94,4898,3446,369,692.7894736841823
qft50 55 1 full code fidelity,4.029063784650702e-10,0.0303869617913798,0.0002886799305916487,0.007443228144190705,0.006170764039467333,697,93,4898,3422,371,692.0526315789208
qft50 55 0 full code fidelity,4.0186319169481965e-10,0.03923829805195552,0.00022363142790084967,0.007443228144190706,0.00615281560454597,646,93,4898,3420,371,691.8421052631318
qft50 55 4 full code fidelity,3.536914893867185e-10,0.03567374436777697,0.00021701396860167736,0.007443228144190663,0.006138000139422412,665,94,4898,3426,369,690.6842105262897
qft50 55 5 full code fidelity,3.3108492946574927e-10,0.03275978694079335,0.000208494286798026,0.007443228144190694,0.006512426793569274,682,95,4898,3384,369,686.2631578947111
qft50 55 2 full code fidelity,3.239964215055635e-10,0.03444373673609219,0.00019831348476467646,0.007443228144190697,0.0063725958367882255,672,95,4898,3396,371,689.3157894736588
qft50 55 3 full code fidelity,5.044466073328135e-10,0.03376001136153972,0.00033378601714171977,0.0074432281441906755,0.006014273186094562,676,91,4898,3440,369,692.1578947368143
qft50 55 9 full code fidelity,3.3982342520807716e-10,0.03444373673609219,0.00022475379215040078,0.007443228144190674,0.005897591572124063,672,94,4898,3452,371,695.2105263157613
qft50 55 8 full code fidelity,2.69026397002469e-10,0.03904210656169574,0.00015439835960910804,0.007443228144190663,0.005995944993967585,647,96,4898,3442,371,694.1578947368151
qft50 60 1 full code fidelity,3.2841721169876466e-10,0.026540583085746725,0.0002572824677763652,0.007443228144190679,0.006461657374440357,724,95,4898,3396,365,683.947368421027
qft50 60 0 full code fidelity,3.6339454777788633e-10,0.02306517323418604,0.0003354612266422643,0.007443228144190687,0.006309835319295616,752,94,4898,3400,369,687.9473684210267
qft50 60 9 full code fidelity,3.7044105310460683e-10,0.024372654527368524,0.0003174872042859407,0.007443228144190707,0.006431743557198462,741,94,4898,3390,369,686.8947368420795
qft50 60 8 full code fidelity,2.991657198482789e-10,0.020969846670346026,0.0002872383351882566,0.0074432281441906565,0.00667287272337233,771,96,4898,3362,367,682.1578947368171
qft50 60 4 full code fidelity,3.0444935020124164e-10,0.025883670561502026,0.000263803861963991,0.007443228144190659,0.005990274276063406,729,95,4898,3444,369,692.5789473683932
qft50 60 5 full code fidelity,2.693040563118604e-10,0.025883670561501985,0.00023276965723207884,0.007443228144190676,0.006005225683319792,729,96,4898,3430,375,696.4736842104988
qft50 60 6 full code fidelity,3.455213379669454e-10,0.028045072800280336,0.0002759617374955698,0.007443228144190705,0.005998022623894768,713,94,4898,3440,369,692.1578947368151
qft50 60 7 full code fidelity,3.515241920403044e-10,0.021502049198442244,0.0003174872042859406,0.007443228144190698,0.006918115526054544,766,95,4898,3340,363,676.2631578947129
qft50 60 2 full code fidelity,3.282329631288306e-10,0.021610099696926902,0.0003159017525595379,0.007443228144190689,0.006459695652145369,765,95,4898,3388,369,686.6842105262906
qft50 60 3 full code fidelity,3.22299310972894e-10,0.02486626225063329,0.00027458365356895125,0.007443228144190708,0.006341804607974909,737,95,4898,3408,365,685.2105263157636
qft50 65 6 full code fidelity,2.621002203075402e-10,0.018969543067746796,0.0002801376263676416,0.0074432281441907016,0.006626401409800997,791,97,4898,3366,369,684.3684210526062
qft50 65 7 full code fidelity,3.5576804342803194e-10,0.01859298816493645,0.00036709441212235506,0.007443228144190676,0.0070029114989728115,795,95,4898,3332,365,677.2105263157654
qft50 65 0 full code fidelity,2.8703008514575574e-10,0.019160670758563477,0.00031432421818269364,0.007443228144190692,0.00640291205233057,789,96,4898,3390,369,686.8947368420792
qft50 65 1 full code fidelity,3.342957383582462e-10,0.016403110536014433,0.0003670944121223552,0.007443228144190675,0.007458740952846568,820,96,4898,3286,365,672.3684210526095
qft50 65 4 full code fidelity,4.078247665714915e-10,0.01724627885940147,0.0005082767064726445,0.007443228144190696,0.006250527269835206,810,93,4898,3410,369,688.9999999999734
qft50 65 5 full code fidelity,2.8149609047150946e-10,0.019353724157029833,0.00031119274352606343,0.007443228144190686,0.00627938380226737,787,96,4898,3396,375,692.8947368420784
qft50 65 2 full code fidelity,3.18452268155287e-10,0.019844910434467646,0.00034396423468826995,0.007443228144190706,0.006267878732082674,782,95,4898,3400,375,693.3157894736576
qft50 65 3 full code fidelity,3.078605583223765e-10,0.016485538227150192,0.00036526123440181884,0.007443228144190681,0.006868881254061136,819,96,4898,3350,363,677.3157894736604
qft50 65 9 full code fidelity,3.003068400789551e-10,0.01925695553624471,0.00031275456161814364,0.007443228144190679,0.0066990406483291185,788,96,4898,3364,365,680.5789473683959
qft50 65 8 full code fidelity,3.5202462835597113e-10,0.0161582920608756,0.00042233310918905347,0.007443228144190673,0.006930445208806618,823,95,4898,3330,367,678.7894736841869
qft50 70 1 full code fidelity,4.4689188080060934e-10,0.013025305728385464,0.000593608535278735,0.007443228144190685,0.007765207598986306,866,94,4898,3246,367,669.9473684210302
qft50 70 0 full code fidelity,4.496829349791243e-10,0.012766746905164973,0.0006056153886188974,0.007443228144190676,0.007813901371663542,870,94,4898,3250,363,666.7894736841886
qft50 70 5 full code fidelity,3.7279932126635113e-10,0.01214258231459495,0.0004957117927726747,0.007443228144190688,0.008320960783210004,880,96,4898,3196,365,662.8947368420849
qft50 70 4 full code fidelity,4.022084508281795e-10,0.01322265551477543,0.0005159680156438173,0.007443228144190664,0.007920423359497332,863,95,4898,3244,361,664.3684210526102
qft50 70 3 full code fidelity,3.5965158654914667e-10,0.013090759526015539,0.00045985020187044406,0.007443228144190646,0.008026744203326146,865,96,4898,3236,357,659.9473684210317
qft50 70 2 full code fidelity,3.214753964260959e-10,0.015679562414023292,0.0003840126184658656,0.007443228144190683,0.0071731014997522035,829,96,4898,3310,365,674.8947368420812
qft50 70 7 full code fidelity,3.944777381656717e-10,0.011782828070678502,0.0005789341661361774,0.007443228144190682,0.007769309945643191,886,95,4898,3250,367,670.3684210526085
qft50 70 6 full code fidelity,3.833219793563753e-10,0.01355823883132208,0.0005032129680369713,0.007443228144190655,0.007548267573734773,858,95,4898,3276,365,671.3157894736609
qft50 70 9 full code fidelity,3.2953534400222417e-10,0.013763663225419357,0.00043739565914825354,0.007443228144190691,0.0073541445879280335,855,96,4898,3288,367,674.3684210526089
qft50 70 8 full code fidelity,2.749338274117302e-10,0.014398800381387718,0.00036893679021850873,0.007443228144190679,0.006953261635763674,846,97,4898,3332,365,677.2105263157652
qft50 75 6 full code fidelity,5.442434757792937e-10,0.010820365061092165,0.0008096549891724675,0.00744322814419066,0.008346223127156679,903,93,4898,3210,357,657.2105263157684
qft50 75 7 full code fidelity,3.7776079624505817e-10,0.009986451687645349,0.0006025910967719817,0.00744322814419064,0.008433767770200088,919,96,4898,3188,363,660.2631578947158
qft50 75 1 full code fidelity,5.155915771991221e-10,0.009788215634661271,0.0007896398184275734,0.007443228144190658,0.008962143941933743,923,94,4898,3150,359,652.6842105262951
qft50 75 0 full code fidelity,3.4831816976492836e-10,0.009739274556487973,0.0005451787067303695,0.007443228144190662,0.008813518180703745,924,97,4898,3148,367,659.6315789473476
qft50 75 8 full code fidelity,4.241227942917799e-10,0.008722367591976088,0.0006898042651659242,0.007443228144190659,0.00947043706565418,946,96,4898,3118,353,643.947368421034
qft50 75 9 full code fidelity,3.8212748444274783e-10,0.011150733307840992,0.0005397473298121957,0.007443228144190662,0.00853007820906827,897,96,4898,3186,363,660.052631578926
qft50 75 5 full code fidelity,4.6162797544455443e-10,0.010343074195922257,0.0007473308938107916,0.007443228144190661,0.008023580479394323,912,94,4898,3222,367,667.4210526315568
qft50 75 4 full code fidelity,3.7737656740870656e-10,0.009886836832061085,0.0006086548588201309,0.007443228144190665,0.00842529544343995,921,96,4898,3200,359,657.9473684210327
qft50 75 3 full code fidelity,4.1435208075580757e-10,0.00921680708059293,0.0006528445324192197,0.007443228144190653,0.009251622948851526,935,96,4898,3138,353,646.0526315789278
qft50 75 2 full code fidelity,3.551246352492212e-10,0.00983740264790078,0.0006117095835529985,0.007443228144190638,0.007928549421925847,922,96,4898,3240,363,665.7368421052416
qft50 80 3 full code fidelity,4.320344099137504e-10,0.0071376889034701204,0.000743598910159825,0.007443228144190651,0.01093605403418607,986,97,4898,3018,347,628.0526315789319
qft50 80 2 full code fidelity,5.060510604539505e-10,0.007173556686904638,0.0008385314103167698,0.00744322814419065,0.011302620309083734,985,96,4898,3004,343,622.9999999999849
qft50 80 0 full code fidelity,4.73931216800628e-10,0.008463945727753597,0.0008056117745702875,0.0074432281441906495,0.009338030965855091,952,95,4898,3114,361,650.6842105262963
qft50 80 1 full code fidelity,4.507344570141126e-10,0.007031158004374722,0.0008554922912112232,0.007443228144190645,0.010067380209633974,989,96,4898,3080,349,636.368421052614
qft50 80 7 full code fidelity,4.4071513615887497e-10,0.007656574009801482,0.0007856965545843009,0.007443228144190645,0.009842542574019534,972,96,4898,3074,359,644.6842105262978
qft50 80 6 full code fidelity,4.5696543103189694e-10,0.00731883930189259,0.0008219067936805356,0.007443228144190634,0.010206039262536996,981,96,4898,3060,353,637.8421052631405
qft50 80 5 full code fidelity,4.3130283831113923e-10,0.00629701363851237,0.0008427398424047793,0.007443228144190616,0.010919250384454102,1011,97,4898,3006,353,632.1578947368258
qft50 80 4 full code fidelity,5.142687845425891e-10,0.007929995112069594,0.0008597858467835986,0.007443228144190643,0.010133643498316558,965,95,4898,3070,351,637.1052631578771
qft50 80 8 full code fidelity,4.464185431595789e-10,0.008213180254895508,0.0007325144069658626,0.007443228144190652,0.009969040718011113,958,96,4898,3088,349,637.2105263157722
qft50 80 9 full code fidelity,5.611996051524293e-10,0.007467064256244247,0.0010347498431133857,0.00744322814419064,0.00975822366332914,977,94,4898,3086,357,644.1578947368237
qft50 85 7 full code fidelity,5.534722103090849e-10,0.006141154699350631,0.0009793079161894262,0.007443228144190618,0.01236417622320556,1016,96,4898,2930,341,613.4210526315663
qft50 85 6 full code fidelity,5.853266802279199e-10,0.005445076372710846,0.0011043325062434482,0.007443228144190607,0.013077753830991481,1040,96,4898,2894,337,606.0526315789356
qft50 85 3 full code fidelity,6.242369606415607e-10,0.0049256731526499285,0.001220628993617884,0.007443228144190623,0.013948865173141959,1060,96,4898,2834,343,605.1052631578835
qft50 85 2 full code fidelity,6.009130269528761e-10,0.005611325877649857,0.001214533477581007,0.007443228144190624,0.011846097609119274,1034,95,4898,2954,347,621.3157894736686
qft50 85 1 full code fidelity,6.216935754190197e-10,0.0051788672992451,0.0011610255275899225,0.007443228144190605,0.013891159462666936,1050,96,4898,2850,335,599.6315789473572
qft50 85 0 full code fidelity,5.550301257016481e-10,0.005583269248261609,0.0010770327255131514,0.007443228144190623,0.01240045880828104,1035,96,4898,2918,347,617.5263157894606
qft50 85 5 full code fidelity,4.85356117065794e-10,0.005527576137510201,0.0009598922825289904,0.007443228144190636,0.01228971872654156,1037,97,4898,2928,345,616.7894736841965
qft50 85 4 full code fidelity,5.722240595320998e-10,0.005336988887577517,0.0011266697161270856,0.007443228144190604,0.012785327692306747,1044,96,4898,2882,351,617.3157894736713
qft50 85 9 full code fidelity,6.932384161122521e-10,0.005555352902020299,0.0012267551019080377,0.007443228144190654,0.013666325647137467,1036,95,4898,2854,341,605.4210526315671
qft50 85 8 full code fidelity,6.049579757690412e-10,0.005152972962748878,0.0011668524972480545,0.007443228144190612,0.013517303102553795,1051,96,4898,2866,339,604.8947368420934
qft50 90 3 full code fidelity,9.131735064851438e-10,0.0036646065580719363,0.0016400646473295837,0.0074432281441906,0.020412850292042962,1119,96,4898,2594,311,551.210526315784
qft50 90 2 full code fidelity,6.384476823777081e-10,0.004237971315078622,0.0012515685399189815,0.007443228144190591,0.016171538279730148,1090,97,4898,2734,335,587.4210526315692
qft50 90 4 full code fidelity,7.801409968931996e-10,0.0039310106826091285,0.0015290521200769845,0.00744322814419059,0.017437541604227853,1105,96,4898,2680,331,578.1578947368338
qft50 90 5 full code fidelity,6.538952342169002e-10,0.004216781458503226,0.001257849927996917,0.007443228144190616,0.016562920542490093,1091,97,4898,2730,329,581.631578947359
qft50 90 9 full code fidelity,6.925692796006525e-10,0.004030777450394629,0.0013158202046567758,0.007443228144190603,0.017543511328247212,1100,97,4898,2690,323,572.0526315789398
qft50 90 8 full code fidelity,8.12374088699017e-10,0.0035382532942518996,0.001498737328048505,0.007443228144190588,0.020581654718329567,1126,97,4898,2584,315,553.7368421052572
qft50 90 7 full code fidelity,7.946153618767907e-10,0.004051032613461936,0.001483806063805282,0.007443228144190594,0.017760400084691406,1099,96,4898,2682,323,571.2105263157817
qft50 90 6 full code fidelity,5.931196905765689e-10,0.004638126179941006,0.0011437186286784163,0.007443228144190603,0.015021705969227727,1072,97,4898,2796,331,590.3684210526217
qft50 90 0 full code fidelity,7.012710760923332e-10,0.003911355629196083,0.001355943827598889,0.007443228144190593,0.017764606529649063,1106,97,4898,2678,327,574.3684210526235
qft50 90 1 full code fidelity,6.552257934311131e-10,0.004411368796120403,0.0012024336119497052,0.007443228144190595,0.01659568488550967,1082,97,4898,2720,331,582.3684210526229
qft50 95 8 full code fidelity,1.0077218173392594e-09,0.00316881362025329,0.0016732380512120347,0.007443228144190573,0.025534355582126925,1148,97,4898,2448,295,521.5263157894713
qft50 95 9 full code fidelity,1.1936801448466987e-09,0.0028809467446412823,0.001840209916551547,0.007443228144190572,0.030249906890884457,1167,97,4898,2356,273,492.15789473684106
qft50 95 7 full code fidelity,1.201035396272675e-09,0.0029838271756914064,0.0017768387942650359,0.007443228144190596,0.030434963360246443,1160,97,4898,2344,275,492.68421052631453
qft50 95 6 full code fidelity,1.1777054813119589e-09,0.002939293182115815,0.001803726149794009,0.007443228144190582,0.029844331590696386,1163,97,4898,2354,279,497.3157894736832
qft50 95 0 full code fidelity,1.197568113275549e-09,0.0028379482543591703,0.0018680562121378235,0.007443228144190555,0.030349006590769747,1170,97,4898,2344,277,494.4736842105253
qft50 95 1 full code fidelity,1.2500954541684343e-09,0.0027955915219193286,0.0018963238814874413,0.007443228144190582,0.03168076178330819,1173,97,4898,2316,273,487.94736842105186
qft50 95 5 full code fidelity,1.2391297213002576e-09,0.0028954238639610865,0.0018310203682807696,0.0074432281441905845,0.03140148004377157,1166,97,4898,2332,269,486.0526315789465
qft50 95 4 full code fidelity,1.1696394961960879e-09,0.0028665420109180773,0.0018494455854438597,0.007443228144190599,0.029640861711652765,1168,97,4898,2362,277,496.36842105263065
qft50 95 3 full code fidelity,1.2779403253419636e-09,0.002809639720521936,0.0018868541141042643,0.007443228144190563,0.032386221849877016,1172,97,4898,2320,263,479.4210526315783
qft50 95 2 full code fidelity,1.085948694823197e-09,0.00290997373262421,0.001821876710316669,0.0074432281441905715,0.02751946102636006,1165,97,4898,2396,291,512.4736842105244
